-- 宠物商店系统测试数据
-- 执行前请确保已运行 petshop_schema.sql 建好数据库和表
-- 在 MySQL Workbench 中打开此文件，直接执行即可

USE petshop_db;

-- ========== 顾客数据 ==========
INSERT INTO customer (customer_id, customer_name, phone, id_card, created_at) VALUES
(1, '林夏微', '13800010001', '440106199711230418', '2026-03-03 10:15:00'),
(2, '周子昂', '13800010002', '440104199501085437', '2026-03-10 14:20:00'),
(3, '何雨晴', '13800010003', '440113199904152726', '2026-03-18 09:00:00'),
(4, '赵可可', '13800010004', '440105200002113924', '2026-04-02 11:30:00'),
(5, '唐若安', '13800010005', '440106199808276618', '2026-04-12 16:45:00'),
(6, '郭辰',   '13800010006', '440111199612063514', '2026-04-18 19:05:00');

-- ========== 员工数据 ==========
INSERT INTO employee (employee_id, employee_name, gender, phone, salary, age, created_at) VALUES
(1, '陈诺', '男', '13900020001', 7800.00, 29, '2026-01-11 09:00:00'),
(2, '方梨', '女', '13900020002', 7200.00, 26, '2026-01-14 10:00:00'),
(3, '马惠', '女', '13900020003', 8100.00, 33, '2026-02-01 09:30:00'),
(4, '许川', '男', '13900020004', 6800.00, 24, '2026-02-11 12:00:00'),
(5, '卢棠', '女', '13900020005', 7600.00, 28, '2026-02-23 15:20:00');

-- ========== 宠物数据 ==========
INSERT INTO pet (pet_id, pet_name, pet_species, pet_color, pet_age, pet_price, pet_status, created_at) VALUES
(1, '云朵', '柯基',     '金白',   8,  6800.00, '在售',   '2026-03-01 10:30:00'),
(2, '糖糖', '布偶猫',   '重点色', 6,  5200.00, '已预订', '2026-03-05 13:10:00'),
(3, '土豆', '柴犬',     '赤色',   10, 5900.00, '在售',   '2026-03-12 16:20:00'),
(4, '芝麻', '侏儒兔',   '灰白',   4,  1500.00, '观察中', '2026-03-20 09:40:00'),
(5, '果冻', '金渐层',   '金色',   5,  7200.00, '在售',   '2026-03-25 17:05:00'),
(6, '七喜', '萨摩耶',   '白色',   7,  8600.00, '已预订', '2026-04-04 11:15:00'),
(7, '星尘', '银狐仓鼠', '银灰',   3,   260.00, '在售',   '2026-04-10 14:30:00'),
(8, '奶盖', '曼基康',   '乳白',   4,  9800.00, '在售',   '2026-04-15 18:20:00');

-- ========== 库存数据 ==========
INSERT INTO inventory (inventory_id, pet_id, category_name, quantity, warehouse_location, cage_count, updated_at) VALUES
(1, 1, '犬类', 2, 'A-01', 2, '2026-04-18 09:10:00'),
(2, 2, '猫类', 1, 'B-02', 1, '2026-04-19 08:40:00'),
(3, 3, '犬类', 3, 'A-03', 2, '2026-04-18 17:30:00'),
(4, 4, '小宠', 1, 'C-01', 1, '2026-04-17 11:55:00'),
(5, 5, '猫类', 2, 'B-01', 2, '2026-04-19 13:20:00'),
(6, 6, '犬类', 1, 'A-04', 1, '2026-04-19 15:10:00'),
(7, 7, '小宠', 5, 'C-03', 3, '2026-04-20 09:05:00'),
(8, 8, '猫类', 1, 'B-03', 1, '2026-04-20 10:15:00');

-- ========== 预约数据 ==========
INSERT INTO preorder (preorder_id, customer_id, pet_id, preorder_qty, preorder_time, preorder_status, remark) VALUES
(1, 2, 2, 1, '2026-04-13 10:20:00', '待到店', '客户希望周末完成最终确认。'),
(2, 4, 6, 1, '2026-04-18 12:10:00', '已预约', '已支付定金，等待第二次回访。'),
(3, 1, 5, 1, '2026-04-09 14:05:00', '已完成', '已完成交付，售后观察正常。'),
(4, 6, 8, 1, '2026-04-19 17:00:00', '已预约', '等待健康证明复核。'),
(5, 3, 1, 1, '2026-04-11 11:35:00', '已取消', '客户时间冲突，后续可能转购其他犬类。');

-- ========== 员工-宠物管理关系数据 ==========
INSERT INTO employee_pet_manage (employee_id, pet_id, manage_qty, duty_note, assigned_at) VALUES
(1, 1, 1, '早班喂养和运动观察',       '2026-04-03 09:00:00'),
(2, 2, 1, '预约客户接待和日常梳理',   '2026-04-04 09:00:00'),
(3, 5, 1, '健康巡检和疫苗跟进',       '2026-04-05 10:20:00'),
(4, 7, 3, '小宠区清洁和库存记录',     '2026-04-06 11:10:00'),
(5, 6, 1, '待交付前的训练适应',       '2026-04-08 16:00:00'),
(1, 8, 1, '新到店猫舍适应观察',       '2026-04-18 13:30:00');
